Index,Implementation,Solution,Label,Passes,Duration,Threads,Algorithm,Faithful,Bits,PassesPerSecond
1,lisp,2,mayerrobert-cl-hashdot,667421780,5.01000,1,base,no,1,133217920.15968
2,cpp,3,flo80_pol_constexpr,210903208,5.00002,1,base,no,1,42180447.56994
3,d,2,BradleyChatha-MultistaticThreads-SieveRTCT_Cheatiness-1bit,1209003221,5.00001,12,other,no,1,20150013.38331
4,cpp,3,flo80_pol_constexpr,654889951,5.00047,12,base,no,1,10913813.16652
5,cpp,4,BlackMark-pregenerated-inv_bits<u32>-clang,2324317,5.00000,1,base,no,1,464863.40000
6,cpp,4,BlackMark-pregenerated-inv_bits<u32>-clang,14439262,5.00090,12,base,no,1,240611.05668
7,cpp,4,BlackMark-pregenerated-inv_bits<u32>-gcc,1083570,5.00000,1,base,no,1,216714.00000
8,cpp,4,BlackMark-pregenerated-inv_bits<u32>-gcc,6497485,5.00062,12,base,no,1,108277.99020
9,rust,6,SycrationSinglethreaded,242048,5.00001,1,base,no,1,48409.53113
10,rust,6,SycrationMultithreaded,1035040,5.00003,8,base,no,1,25875.83311
11,rust,1,mike-barber_bit-extreme-hybrid,67405,5.00001,1,base,yes,1,13480.96400
12,rust,1,mike-barber_bit-unrolled-hybrid,67030,5.00002,1,base,yes,1,13405.94119
13,zig,3,77-ManDeJan&ityonemo&SpexGuy-zig-single-inverted-bitSieve-unrolled-run-u64v8h-deLUT-spLUT-find-u8-advanced-5760of30030v,66890,5.00003,1,wheel,yes,1,13377.91973
14,nim,3,GordonBGood_extreme-hybrid,64839,5.00004,1,base,yes,1,12967.69319
15,zig,3,51-ManDeJan&ityonemo&SpexGuy-zig-single-bitSieve-unrolled-run-u64v8h-deLUT-spLUT-find-u32,63477,5.00007,1,base,yes,1,12695.22227
16,haskell,2,GordonBGood_extreme-hybrid,57192,5.00006,1,base,yes,1,11438.27348
17,c,2,danielspaangberg_5760of30030_owrb,49356,5.00003,1,wheel,yes,1,9871.14670
18,zig,3,95-ManDeJan&ityonemo&SpexGuy-zig-parallel-gustafson-inverted-bitSieve-unrolled-run-u64v8h-deLUT-spLUT-find-u8-advanced-5760of30030v-no-ht,290882,5.00002,6,wheel,yes,1,9696.02788
19,zig,3,93-ManDeJan&ityonemo&SpexGuy-zig-parallel-gustafson-inverted-bitSieve-unrolled-run-u64v8h-deLUT-spLUT-find-u8-advanced-480of2310v-no-ht,283855,5.00005,6,wheel,yes,1,9461.73872
20,chapel,1,GordonBGood_extreme_hybrid,47006,5.00007,1,base,yes,1,9401.06839
21,zig,3,91-ManDeJan&ityonemo&SpexGuy-zig-parallel-gustafson-bitSieve-unrolled-run-u64v8h-deLUT-spLUT-find-u32-no-ht,271742,5.00006,6,base,yes,1,9057.95797
22,crystal,2,GordonBGood_extreme-hybrid,44336,5.00001,1,base,yes,1,8867.18936
23,go,2,ssovest-go-other-u64,42177,5.00121,1,other,yes,1,8433.36620
24,c,2,danielspaangberg_480of2310_owrb,41613,5.00007,1,wheel,yes,1,8322.47849
25,c,3,fvbakel_Cwords,41574,5.00005,1,other,yes,1,8314.71685
26,zig,3,83-ManDeJan&ityonemo&SpexGuy-zig-single-vecSieve,40608,5.00009,1,other,yes,1,8121.45381
27,go,2,ssovest-go-other-u32-seg-16k,40234,5.00093,1,other,yes,1,8045.29580
28,julia,4,GordonBGood_extremehybrid,39520,5.00007,1,base,yes,1,7903.88920
29,go,2,ssovest-go-other-u32-rblock-16k,38937,5.00133,1,other,yes,1,7785.33034
30,cython,1,ssovest-cy,37993,5.00000,1,other,yes,1,7598.59392
31,go,2,ssovest-go-other-u32-block-16k,36731,5.00136,1,other,yes,1,7344.19779
32,c,2,danielspaangberg_48of210_owrb,35307,5.00010,1,wheel,yes,1,7061.25736
33,rust,1,mike-barber_bit-extreme-hybrid,379220,5.00031,12,base,yes,1,6319.94217
34,rust,1,mike-barber_bit-unrolled-hybrid,378914,5.00041,12,base,yes,1,6314.72085
35,zig,3,94-ManDeJan&ityonemo&SpexGuy-zig-parallel-gustafson-inverted-bitSieve-unrolled-run-u64v8h-deLUT-spLUT-find-u8-advanced-5760of30030v,374771,5.00006,12,wheel,yes,1,6246.10838
36,lisp,2,mayerrobert-cl-wheel-bitvector,31120,5.01000,1,wheel,yes,1,6211.57685
37,zig,3,92-ManDeJan&ityonemo&SpexGuy-zig-parallel-gustafson-inverted-bitSieve-unrolled-run-u64v8h-deLUT-spLUT-find-u8-advanced-480of2310v,369194,5.00016,12,wheel,yes,1,6153.03644
38,c,1,mckoss-c830,30389,5.00000,1,wheel,yes,1,6077.80000
39,cpp,4,BlackMark-5760of30030-os-hs-maskedbits<u32>-gcc,29684,5.00005,1,wheel,yes,1,5936.74063
40,zig,3,90-ManDeJan&ityonemo&SpexGuy-zig-parallel-gustafson-bitSieve-unrolled-run-u64v8h-deLUT-spLUT-find-u32,355527,5.00013,12,base,yes,1,5925.29594
41,mixed,1,ssovest-cgo,28814,5.00033,1,other,no,1,5762.42001
42,lisp,2,mayerrobert-cl-wheel-opt,28503,5.01000,1,wheel,yes,1,5689.22156
43,nim,3,GordonBGood_extreme,27960,5.00014,1,base,yes,1,5591.84232
44,haskell,2,GordonBGood_extreme,27104,5.00001,1,base,yes,1,5420.78712
45,cpp,4,BlackMark-5760of30030-os-hs-inv_bits<u32>-gcc,27053,5.00008,1,wheel,yes,1,5410.51343
46,cpp,4,BlackMark-5760of30030-os-hs-inv_vec<u8>-gcc,26916,5.00007,1,wheel,yes,8,5383.12464
47,zig,3,47-ManDeJan&ityonemo&SpexGuy-zig-single-sieve-u8-92160of510510,26323,5.00010,1,wheel,yes,8,5264.49471
48,cpp,4,BlackMark-5760of30030-os-hs-inv_bits<u32>-clang,26126,5.00017,1,wheel,yes,1,5225.02235
49,julia,4,GordonBGood_extreme,26061,5.00002,1,base,yes,1,5212.17589
50,cpp,4,BlackMark-5760of30030-os-hs-maskedbits<u32>-clang,25799,5.00008,1,wheel,yes,1,5159.71744
51,c,2,danielspaangberg_8of30_owrb,25431,5.00018,1,wheel,yes,1,5086.01487
52,rust,1,mike-barber_bit-striped-hybrid-blocks4k,24781,5.00017,1,base,yes,1,4956.02938
53,go,2,ssovest-go-stride-u32-rblock-16k,24651,5.00098,1,base,yes,1,4929.23352
54,rust,1,mike-barber_bit-striped-blocks16k,24233,5.00009,1,base,yes,1,4846.51126
55,crystal,2,GordonBGood_extreme,24156,5.00007,1,base,yes,1,4831.13623
56,c,2,danielspaangberg_48of210,24042,5.00013,1,wheel,yes,1,4808.27883
57,c,4,merriam,23874,5.00000,1,wheel,yes,1,4774.80000
58,go,2,ssovest-go-stride-u32-block-16k,23770,5.00128,1,base,yes,1,4752.78408
59,lisp,2,mayerrobert-cl-dense,23636,5.01000,1,base,yes,1,4717.76447
60,rust,1,mike-barber_bit-striped-blocks4k,23580,5.00009,1,base,yes,1,4715.91635
61,nim,3,GordonBGood_stride8block-16K,23524,5.00015,1,base,yes,1,4704.65476
62,c,2,danielspaangberg_5760of30030_epar,281569,5.00541,12,wheel,yes,1,4687.74453
63,rust,1,mike-barber_bit-striped-hybrid-blocks16k,23194,5.00013,1,base,yes,1,4638.67923
64,c,3,fvbakel_Cstriped-block,22227,5.00015,1,base,yes,1,4445.26575
65,crystal,2,GordonBGood_stride8-rblock16K,21384,5.00007,1,base,yes,1,4276.73585
66,csharp,4,italytoast-stride8-blocks32k,21269,5.00011,1,base,yes,1,4253.70642
67,julia,4,GordonBGood_stride8block16k,21267,5.00010,1,base,yes,1,4253.31583
68,csharp,4,italytoast-stride8-blocks16k,20773,5.00012,1,base,yes,1,4154.50029
69,csharp,1,kinematics_poolq30m,20392,5.00002,1,other,yes,1,4078.38369
70,go,2,ssovest-go-stride-u32,20333,5.00075,1,base,yes,1,4065.99009
71,c,2,danielspaangberg_480of2310_epar,237162,5.00086,12,wheel,yes,1,3952.01709
72,chapel,1,GordonBGood_extreme,19712,5.00002,1,base,yes,1,3942.38423
73,csharp,4,italytoast-stride8-blocks64k,19710,5.00009,1,base,yes,1,3941.92905
74,c,2,danielspaangberg_8of30,19686,5.00020,1,wheel,yes,1,3937.04016
75,haskell,2,GordonBGood_stride8-block16K,19506,5.00015,1,base,yes,1,3901.08234
76,rust,7,sergiocks,19087,5.00012,1,wheel,yes,8,3817.31157
77,cpp,4,BlackMark-5760of30030-os-hs-inv_vec<u8>-clang,18912,5.00005,1,wheel,yes,8,3782.36218
78,java,4,chrvanorleStrided32Blocks16k,18714,5.00000,1,base,yes,1,3742.80000
79,zig,3,89-ManDeJan&ityonemo&SpexGuy-zig-parallel-gustafson-sieve-u8-92160of510510-no-ht,107863,5.00015,6,wheel,yes,8,3595.32547
80,cpp,4,BlackMark-1of2-cs-hs-inv_arr<bool>-gcc,17811,5.00003,1,base,yes,8,3562.17863
81,basic,3,Nukepayload2_ReDim8of30M,17762,5.00003,1,wheel,yes,1,3552.37563
82,assemblyscript,2,maxgraey_unrolled,17734,5.00000,1,base,yes,1,3546.80000
83,zig,2,ManDeJan&ityonemo-zig-byte-sieve-type-bool,17607,5.00006,1,base,no,8,3521.35774
84,fortran,2,tjol-8bit,17565,5.00013,1,base,yes,8,3512.90586
85,swift,1,yellowcub_striped_UInt8,17556,5.00005,1,base,yes,1,3511.16559
86,cython,1,rpkak+byte-array,17531,5.00027,1,base,yes,8,3506.01364
87,nim,3,GordonBGood_stride8,17481,5.00016,1,base,yes,1,3496.08639
88,cpp,4,BlackMark-1of2-bs-hs-vec<u8>-gcc,17431,5.00003,1,base,yes,8,3486.17908
89,cpp,4,BlackMark-1of2-cs-hs-inv_stridedbits<u8>-gcc,17337,5.00030,1,base,yes,1,3467.19197
90,cpp,4,BlackMark-1of2-cs-hs-inv_arr<bool>-clang,17334,5.00011,1,base,yes,8,3466.72373
91,amd64,1,dacvs8,17206,5.00003,1,base,yes,8,3441.18142
92,basic,3,Nukepayload2_ArrayPool8of30M,17138,5.00023,1,wheel,yes,1,3427.44316
93,haskell,2,GordonBGood_stride8,17036,5.00019,1,base,yes,1,3407.07300
94,csharp,4,italytoast-stride8,17034,5.00017,1,base,yes,1,3406.68417
95,julia,4,GordonBGood_stride8,17001,5.00018,1,base,yes,1,3400.07694
96,fsharp,4,GordonBGood_unpeeled,16842,5.00020,1,base,yes,1,3368.26460
97,zig,3,46-ManDeJan&ityonemo&SpexGuy-zig-single-sieve-u8,16761,5.00021,1,base,yes,8,3352.05921
98,c,2,danielspaangberg_48of210_epar,200289,5.00103,12,wheel,yes,1,3337.46448
99,lisp,2,mayerrobert-cl-words,16667,5.01000,1,other,yes,1,3326.74651
100,assembly,1,rbergen_x64uff_byte,16509,5.00000,1,base,no,8,3301.80000
101,crystal,2,GordonBGood_stride8,16003,5.00024,1,base,yes,1,3200.44574
102,lua,3,mooshua_luajit_16,15651,5.00029,1,base,no,8,3130.01846
103,cpp,4,BlackMark-5760of30030-os-hs-maskedbits<u32>-gcc,186237,5.00086,12,wheel,yes,1,3103.41621
104,lua,3,mooshua_luajit_8,15365,5.00031,1,base,no,8,3072.81010
105,d,2,BradleyChatha-Single-SieveRTB1_32-1bit,15318,5.00002,1,base,yes,1,3063.58775
106,cpp,4,BlackMark-5760of30030-os-hs-inv_bits<u32>-gcc,182599,5.00061,12,wheel,yes,1,3042.94543
107,lua,3,mooshua_luajit_24,15056,5.00009,1,base,no,8,3011.14339
108,lua,3,mooshua_luajit_1,14395,5.00013,1,base,no,8,2878.92572
109,ada,1,BoopBeepBoopBeep,14200,5.00024,1,base,no,1,2839.86508
110,haskell,1,fatho/vector_unchecked,14169,5.00012,1,base,no,8,2833.73199
111,rust,1,mike-barber_bit-striped-hybrid-blocks4k,168882,5.00029,12,base,yes,1,2814.53466
112,zig,1,devblok,13967,5.00006,1,base,yes,8,2793.36648
113,chapel,1,GordonBGood_stride8,13879,5.00023,1,base,yes,1,2775.67232
114,cpp,1,davepl_pol,13525,5.00025,1,base,yes,1,2704.86692
115,rust,1,mike-barber_bit-rotate,13522,5.00024,1,base,yes,1,2704.26821
116,java,1,MansenC+pez-boolean-array,13493,5.00000,1,base,yes,8,2698.60000
117,rust,1,mike-barber_bit-striped-hybrid-blocks16k,160669,5.00038,12,base,yes,1,2677.61417
118,cpp,4,BlackMark-1of2-bs-hs-vec<u8>-clang,13374,5.00030,1,base,yes,8,2674.63952
119,d,2,BradleyChatha-Single-SieveCT-1bit,13250,5.00008,1,base,no,1,2649.95760
120,assemblyscript,1,donmahallem,13136,5.00000,1,base,yes,1,2627.20000
121,d,2,BradleyChatha-Single-SieveRTB1_64-1bit,13024,5.00013,1,base,yes,1,2604.73228
122,assembly,1,rbergen_x64ff_byte,13018,5.00000,1,base,yes,8,2603.60000
123,csharp,1,kinematics_rawd30,12899,5.00010,1,wheel,yes,1,2579.74841
124,d,2,BradleyChatha-Single-SieveRTB1_16-1bit,12837,5.00028,1,base,yes,1,2567.25623
125,d,2,BradleyChatha-Single-SieveRT-1bit,12822,5.00015,1,base,yes,1,2564.32307
126,c,2,danielspaangberg_8of30_epar,153574,5.00130,12,wheel,yes,1,2558.89931
127,odin,1,odin_byte_moe,12505,5.00000,1,base,yes,8,2501.00000
128,csharp,4,italytoast-dense-and-sparse,12377,5.00029,1,base,yes,1,2475.25644
129,nim,3,GordonBGood_bittwiddle,12125,5.00010,1,base,yes,1,2424.95355
130,haskell,2,GordonBGood_bittwiddle,12072,5.00022,1,base,yes,1,2414.29153
131,haskell,1,fatho/vector,12017,5.00018,1,base,no,8,2403.31204
132,fortran,2,tjol-logical,11966,5.00029,1,base,yes,1,2393.06261
133,fortran,1,johandweber_fortran,11926,5.00000,1,base,no,1,2385.20000
134,c,2,danielspaangberg_5760of30030_par,47686,5.00007,4,wheel,yes,1,2384.26662
135,c,2,danielspaangberg_1of2,11795,5.00005,1,base,yes,1,2358.97688
136,assembly,1,rbergen_x64uff_bitshift,11490,5.00000,1,base,no,1,2298.00000
137,julia,4,GordonBGood_bittwiddle,11458,5.00028,1,base,yes,1,2291.47303
138,fortran,2,tjol-bits,11316,5.00030,1,base,yes,1,2263.06576
139,lisp,2,mayerrobert-cl-modulo-functions,11246,5.01000,1,base,yes,1,2244.71058
140,rust,1,mike-barber_bit-striped-blocks4k,134672,5.00039,12,base,yes,1,2244.35889
141,rust,1,mike-barber_bit-striped-blocks16k,134216,5.00039,12,base,yes,1,2236.75884
142,cython,1,rpkak+bit-array,11164,5.00036,1,base,yes,1,2232.63970
143,java,4,chrvanorleI32CUnroll,11109,5.00000,1,base,yes,1,2221.80000
144,c,2,danielspaangberg_480of2310_par,44142,5.00012,4,wheel,yes,1,2207.04482
145,cpp,4,BlackMark-5760of30030-os-hs-inv_bits<u32>-clang,131829,5.00210,12,wheel,yes,1,2196.22758
146,d,2,BradleyChatha-Single-SieveRTBX-8bit,10954,5.00029,1,base,yes,8,2190.67294
147,assembly,1,rbergen_x64ff_bitshift,10900,5.00000,1,base,yes,1,2180.00000
148,nodejs,1,rogiervandam_memcopy,10879,5.00008,1,other,yes,1,2175.76422
149,swift,1,j-f1_yellowcub_bool,10685,5.00039,1,base,yes,8,2136.83544
150,cpp,4,BlackMark-5760of30030-os-hs-maskedbits<u32>-clang,127531,5.01110,12,wheel,yes,1,2120.80847
151,fsharp,3,dmannock_fsharp_recursion,10510,5.00033,1,base,yes,1,2101.86338
152,csharp,1,kinematics_rawd6,10509,5.00026,1,wheel,yes,1,2101.69071
153,csharp,1,kinematics_poold6,10372,5.00011,1,wheel,yes,1,2074.35436
154,crystal,1,marghidanu,10349,5.00028,1,base,yes,1,2069.68203
155,csharp,1,kinematics_poolq6,10221,5.00036,1,wheel,yes,1,2044.05283
156,haskell,1,fatho/bitset,10212,5.00003,1,base,no,1,2042.38611
157,c,2,danielspaangberg_48of210_par,40639,5.00013,4,wheel,yes,1,2031.89798
158,crystal,2,GordonBGood_bittwiddle,10127,5.00020,1,base,yes,1,2025.32020
159,go,2,ssovest-go-simple-u32,10078,5.00115,1,base,yes,1,2015.13609
160,rust,2,Azgrom,9961,5.00019,1,base,yes,1,1992.12310
161,fsharp,2,dmannock_fsharp_port,9916,5.00019,1,base,yes,1,1983.12345
162,clojure,3,pez-clj-boolean-array,9863,5.00036,1,base,yes,8,1972.45675
163,nim,2,beef331,9819,5.00004,1,base,yes,1,1963.78436
164,swift,1,yellowcub_1bit_UInt8,9813,5.00015,1,base,yes,1,1962.54034
165,csharp,1,kinematics_poolb6,9568,5.00036,1,wheel,yes,1,1913.46223
166,csharp,1,kinematics_bool2while,9227,5.00011,1,base,yes,8,1845.35940
167,c,2,danielspaangberg_8of30_par,36762,5.00005,4,wheel,yes,1,1838.08272
168,scala,2,scilari,9132,5.00000,1,base,yes,1,1826.40000
169,clojure,2,axvr_clj_8-bit,9130,5.00026,1,base,yes,8,1825.90399
170,lua,3,mooshua_luajit_hash,9100,5.00041,1,base,no,8,1819.84968
171,zig,3,49-ManDeJan&ityonemo&SpexGuy-zig-single-bitSieve-run-u64-find-u32,9095,5.00045,1,base,yes,1,1818.83630
172,kotlin,1,jvm_kotlin_idiomatic_fast_single,9088,5.00600,1,base,yes,1,1815.42149
173,java,4,chrvanorleStrided32Blocks16k,107202,5.00600,12,base,yes,1,1784.55853
174,odin,1,odin_bit_moe,8921,5.00000,1,base,yes,1,1784.20000
175,julia,3,louie-github_port_1of2,8871,5.00005,1,base,yes,1,1774.18113
176,go,3,zanicar-go,8670,5.00061,1,base,yes,1,1733.79021
177,haskell,1,fatho/bitset_unchecked,8655,5.00053,1,base,no,1,1730.81723
178,amd64,1,dacvs1,8589,5.00054,1,base,yes,1,1717.61450
179,lisp,2,mayerrobert-cl-modulo,8595,5.01000,1,base,yes,1,1715.56886
180,assemblyscript,2,maxgraey,8557,5.00000,1,base,yes,1,1711.40000
181,kotlin,1,jvm_kotlin_traditional_single,8590,5.02000,1,base,yes,1,1711.15538
182,python,3,emillynge_numpy,8494,5.00042,1,base,no,8,1698.65849
183,mixed,4,mmcdon20_dart+c_1_bit,8454,5.00006,1,base,yes,1,1690.78106
184,cpp,4,BlackMark-1of2-cs-hs-inv_stridedbits<u8>-gcc,101103,5.00092,12,base,yes,1,1684.74001
185,nim,1,marghidanu,8072,5.00058,1,base,yes,8,1614.21250
186,chapel,1,GordonBGood_stride8_block16K,8057,5.00032,1,base,yes,1,1611.29688
187,pascal,3,olivierbrun-1-threads,7999,5.00000,1,base,yes,1,1599.80000
188,rust,4,joshallen64,7975,5.00031,1,base,yes,1,1594.90067
189,cpp,4,BlackMark-5760of30030-os-hs-inv_vec<u8>-gcc,94640,5.00239,12,wheel,yes,8,1576.57973
190,scala,1,rom1dep,7859,5.00000,1,base,yes,1,1571.80000
191,zig,2,ManDeJan&ityonemo-zig-bit-sieve,7813,5.00033,1,base,no,1,1562.49688
192,cpp,4,BlackMark-5760of30030-os-hs-inv_vec<u8>-clang,92852,5.00172,12,wheel,yes,8,1547.00116
193,rexx,2,joss_NetRexx,7694,5.00009,1,base,yes,8,1538.77261
194,zig,3,88-ManDeJan&ityonemo&SpexGuy-zig-parallel-gustafson-sieve-u8-92160of510510,91037,5.00033,12,wheel,yes,8,1517.18320
195,chapel,1,GordonBGood_bittwiddle,7418,5.00055,1,base,yes,1,1483.43682
196,cpp,4,BlackMark-1of2-cs-hs-inv_arr<bool>-gcc,88829,5.00167,12,base,yes,8,1479.98902
197,lua,2,ben1jen_luajit1,7357,5.00000,1,base,no,1,1471.40000
198,cpp,4,BlackMark-1of2-bs-hs-vec<u8>-gcc,88080,5.00117,12,base,yes,8,1467.65657
199,rust,1,mike-barber_bit-rotate,87499,5.00823,12,base,yes,1,1455.91905
200,d,2,BradleyChatha-MultistaticThreads-SieveCT-1bit,87080,5.00058,12,base,no,1,1451.16500
201,pascal,1,rbergen,7204,5.00000,1,base,yes,1,1440.80000
202,mixed,2,RobCannon_ps2,7185,5.00027,1,base,no,1,1436.92241
203,cpp,2,davepl_par,86156,5.00070,12,base,yes,1,1435.73233
204,python,2,ssovest,7113,5.00014,1,base,yes,8,1422.55875
205,dart,1,eagerestwolf&mmcdon20_8bit,6987,5.00019,1,base,yes,8,1397.34550
206,julia,2,epithet-jl,6923,5.00069,1,base,yes,1,1384.40948
207,java,4,chrvanorleI64PatternCalc,6919,5.00000,1,other,yes,1,1383.80000
208,csharp,3,tannergooding,6873,5.00056,1,base,yes,1,1374.44647
209,c,2,danielspaangberg_1of2_epar,82385,5.00126,12,base,yes,1,1372.73658
210,zig,3,87-ManDeJan&ityonemo&SpexGuy-zig-parallel-gustafson-sieve-u8,81799,5.00056,12,base,yes,8,1363.16399
211,d,2,BradleyChatha-MultistaticThreads-SieveRTB1_32-1bit,81264,5.00061,12,base,yes,1,1354.23478
212,assembly,1,rbergen_x64uff_bitbtr,6771,5.00000,1,base,no,1,1354.20000
213,d,1,eagerestwolf,6734,5.00000,1,base,yes,8,1346.80000
214,go,4,kpym-go-multi,26901,5.00024,4,base,yes,1,1344.98598
215,assembly,1,rbergen_x64ff_bitbtr,6682,5.00000,1,base,yes,1,1336.40000
216,nodejs,1,rogiervandam,6682,5.00022,1,base,yes,1,1336.34128
217,csharp,1,kinematics_poold2,6679,5.00063,1,base,yes,1,1335.63171
218,cpp,4,BlackMark-1of2-cs-hs-inv_arr<bool>-clang,80042,5.01005,12,base,yes,8,1331.35731
219,java,3,MansenC-native,6615,5.00000,1,base,yes,1,1323.00000
220,csharp,1,kinematics_rawd2,6528,5.00073,1,base,yes,1,1305.40941
221,julia,1,dcbi,6514,5.00063,1,base,yes,1,1302.63459
222,c,2,danielspaangberg_1of2_par,25844,5.00008,4,base,yes,1,1292.17829
223,kotlin,1,jvm_kotlin_idiomatic_single,6438,5.00200,1,base,yes,1,1287.08517
224,cpp,4,BlackMark-1of2-bs-hs-vec<u8>-clang,76876,5.00098,12,base,yes,8,1281.01559
225,lisp,2,mayerrobert-cl,6223,5.01000,1,base,yes,1,1242.11577
226,rust,7,sergiocks,73203,5.00071,12,wheel,yes,8,1219.87757
227,java,4,chrvanorleI64PatternCalc,73070,5.01600,12,other,yes,1,1213.94870
228,d,2,BradleyChatha-MultistaticThreads-SieveRT-1bit,72453,5.00075,12,base,yes,1,1207.36889
229,typescript,2,mikevdbokke_byte-array,6022,5.00000,1,base,yes,8,1204.40000
230,java,4,chrvanorleI32CUnroll,72185,5.01400,12,base,yes,1,1199.72411
231,odin,1,odin_byte_threaded_moe,71615,5.00300,12,base,yes,8,1192.86761
232,clojure,3,pez-clj-bitset,5942,5.00054,1,base,yes,1,1188.27196
233,typescript,2,mikevdbokke_8bit-array,5726,5.00000,1,base,yes,1,1145.20000
234,typescript,1,marghidanu,5678,5.00000,1,base,yes,1,1135.60000
235,basic,1,rbergen_8of30,5651,5.00100,1,wheel,yes,1,1129.97401
236,csharp,2,davepl,5634,5.00046,1,base,yes,1,1126.69634
237,typescript,2,mikevdbokke_32bit-array,5624,5.00000,1,base,yes,1,1124.80000
238,clojure,2,axvr_clj_1-bit,5480,5.00107,1,base,yes,1,1095.76565
239,csharp,1,kinematics_bit2while,5426,5.00089,1,base,yes,1,1085.00687
240,java,1,pez-bitset,5388,5.00000,1,base,yes,1,1077.60000
241,fsharp,1,rbergen,5165,5.00045,1,base,yes,1,1032.90758
242,mixed,4,mmcdon20_dart+c_1_bit_par,60495,5.00077,12,base,yes,1,1008.09516
243,go,1,bundgaard,4976,5.00095,1,base,yes,1,995.01115
244,cobol,1,fvbakel_Cobol,4961,5.00000,1,base,no,8,992.20000
245,odin,1,odin_bit_threaded_moe,58513,5.00400,12,base,yes,1,974.43712
246,dart,1,eagerestwolf&mmcdon20_1bit,4793,5.00086,1,base,yes,1,958.43438
247,basic,2,rbergen_vb,4621,5.00005,1,base,yes,1,924.19004
248,pascal,3,olivierbrun-12-threads,54966,5.00000,12,base,yes,1,916.10000
249,kotlin,1,jvm_kotlin_idiomatic_fast_multi,51977,5.00000,12,base,yes,1,866.28333
250,umple,1,mmcdon20_umple,4251,5.00000,1,base,yes,1,850.20000
251,java,4,chrvanorleI32C,4246,5.00000,1,base,yes,1,849.20000
252,java,4,chrvanorleI32,4245,5.00000,1,base,yes,1,849.00000
253,java,4,chrvanorleI8,4245,5.00000,1,base,yes,1,849.00000
254,kotlin,1,jvm_kotlin_traditional_multi,49791,5.00000,12,base,yes,1,829.85000
255,java,4,chrvanorleI64,4048,5.00000,1,base,yes,1,809.60000
256,java,4,chrvanorleI64C,4040,5.00000,1,base,yes,1,808.00000
257,java,4,chrvanorleI32,46828,5.00400,12,base,yes,1,779.84279
258,java,4,chrvanorleI32C,46796,5.01000,12,base,yes,1,778.37658
259,standardml,1,NotMatthewGriffin_SML,3859,5.00100,1,base,yes,1,771.64567
260,java,2,PratimGhosh86-JavaBitSet,3850,5.00000,1,base,yes,1,770.00000
261,d,2,BradleyChatha-Single-SieveRTBX-64bit,3736,5.00010,1,base,yes,64,747.18506
262,java,4,chrvanorleI64,44073,5.01100,12,base,yes,1,732.93754
263,java,4,chrvanorleI64C,44029,5.00800,12,base,yes,1,732.64444
264,rust,3,Blui42,3631,5.00014,1,base,yes,1,726.17926
265,java,4,chrvanorleI8,42626,5.01500,12,base,yes,1,708.30841
266,kotlin,1,jvm_kotlin_idiomatic_multi,40702,5.00000,12,base,yes,1,678.36667
267,kotlin,1,native_kotlin_idiomatic_fast_single,3341,5.00100,1,base,yes,1,668.06639
268,kotlin,1,native_kotlin_traditional_single,3320,5.00100,1,base,yes,1,663.86723
269,cpp,4,BlackMark-1of2-cs-hs-inv_stridedbits<u8>-clang,3318,5.00072,1,base,yes,1,663.50446
270,nodejs,1,rogiervandam,38753,5.07690,12,base,yes,1,636.09976
271,pascal,2,circular17,3103,5.00000,1,base,yes,1,620.60000
272,kotlin,1,native_kotlin_idiomatic_single,2880,5.00100,1,base,yes,1,575.88482
273,mixed,3,1mikegrn/CPython,2690,5.00092,1,base,no,32,537.90089
274,dart,1,eagerestwolf&mmcdon20_8bit_par,30638,5.01184,12,base,yes,8,509.42691
275,dart,1,eagerestwolf&mmcdon20_1bit_par,30515,5.00167,12,base,yes,1,508.41301
276,pony,1,marghidanu,2498,5.00000,1,base,yes,1,499.60000
277,java,2,PratimGhosh86-JavaBitSetMT,29402,5.00000,12,base,yes,1,490.03333
278,pdl,2,Luis_Mochán_(wlmb)_Perl/PDL-PP,2037,5.00124,1,base,yes,8,407.29915
279,kotlin,1,js_kotlin_idiomatic_single,2003,5.00400,1,base,yes,1,400.27978
280,kotlin,1,js_kotlin_idiomatic_fast_single,1968,5.00600,1,base,yes,1,393.12825
281,kotlin,1,js_kotlin_traditional_single,1930,5.00600,1,base,yes,1,385.53736
282,octave,1,octave,1890,5.00230,1,base,no,1,377.82620
283,basic,1,rbergen_boolean,1797,5.00000,1,base,yes,1,359.40000
284,cpp,4,BlackMark-1of2-cs-hs-inv_stridedbits<u8>-clang,18921,5.00312,12,base,yes,1,315.15334
285,zig,3,85-ManDeJan&ityonemo&SpexGuy-zig-parallel-amdahl-sieve-u8,18803,5.00008,12,base,yes,8,313.37832
286,lean4,1,badly-drawn-wizards,1547,5.00000,1,base,yes,8,309.40000
287,rust,5,kulasko-rust-tile-bool-u8,15050,5.00015,12,base,yes,8,250.82575
288,basic,1,rbergen_bit64,1200,5.00300,1,base,yes,1,239.85609
289,r,2,nobrien97,1188,5.00100,1,base,no,32,237.55249
290,basic,1,rbergen_bit32,1161,5.00400,1,base,yes,1,232.01439
291,lua,3,mooshua_luajit_slow_hash,1148,5.00066,1,base,no,64,229.56956
292,pdl,1,Luis_Mochán_(wlmb)_Perl/PDL,1135,5.00048,1,base,yes,8,226.97839
293,rust,5,kulasko-rust-tile-stripe-u8192,12109,5.00025,11,base,yes,1,220.15269
294,r,1,fvbakel_R,1063,5.00500,1,base,yes,32,212.38761
295,lua,3,mooshua_luajit_slow_ffi,993,5.00132,1,base,no,8,198.54742
296,ocaml,2,gkpotter-unfaithful,971,5.00727,1,base,no,1,193.91804
297,rust,5,kulasko-rust-tile-rotate-u8,11398,5.00044,12,base,yes,1,189.94992
298,forth,1,tjol-8bit,949,5.00487,1,base,no,8,189.61539
299,rust,5,kulasko-rust-tile-rotate-u32,11372,5.00004,12,base,yes,1,189.53195
300,rust,5,kulasko-rust-tile-bit-u8,11251,5.00019,12,base,yes,1,187.50937
301,rust,5,kulasko-rust-tile-bit-u32,11180,5.00009,12,base,yes,1,186.33010
302,ocaml,1,gkpotter-faithful,896,5.00460,1,base,yes,1,179.03536
303,haxe,1,TayIorRobinson_Haxe_C++,795,5.00049,1,base,yes,1,158.98455
304,lua,3,mooshua_luajit_vm_hash,626,5.00694,1,base,no,64,125.02636
305,forth,1,tjol-1bit,598,5.00226,1,base,no,1,119.54597
306,scala,3,mmcdon20_scala,592,5.00000,1,base,yes,1,118.40000
307,php,1,DennisdeBest,581,5.01390,1,base,yes,1,115.87793
308,scheme,1,William103,559,5.00187,1,base,yes,1,111.75823
309,octave,2,Brandon-Johns_8bit,545,5.00205,1,base,yes,8,108.95537
310,ruby,1,rbergen,535,5.00400,1,base,yes,1,106.91447
311,groovy,1,mmcdon20_groovy,483,5.00400,1,base,yes,1,96.52278
312,perl,2,kjetillll,335,5.01378,1,base,yes,1,66.81587
313,typescript,2,mikevdbokke_number-array,287,5.00800,1,base,yes,1,57.30831
314,postscript,1,epithet-ps,279,5.01300,1,base,no,8,55.65530
315,verilog,1,alwayslinux2-verilog,275,5.00000,1,base,yes,1,55.00000
316,ballerina,1,da-strange-boi,238,5.00000,1,base,yes,1,47.60000
317,clojure,3,pez-clj-vector-transient,233,5.00306,1,base,yes,1,46.57151
318,tex,2,jfbu-tex-48of210,191,5.00682,1,wheel,no,32,38.14797
319,gdscript,1,OrigamiDev-Pete,191,5.11600,1,base,yes,8,37.33385
320,lua,3,mooshua_luajit_vm_ffi,184,5.01468,1,base,no,8,36.69226
321,tex,2,jfbu-tex-8of30,174,5.01857,1,wheel,no,32,34.67123
322,wren,1,marghidanu,161,5.00848,1,base,yes,1,32.14546
323,kos,1,cdragan,136,5.01592,1,base,yes,8,27.11366
324,tex,2,jfbu-tex-480of2310,110,5.03807,1,wheel,no,32,21.83376
325,hack,1,da-strange-boi,97,5.01400,1,base,yes,1,19.34583
326,prolog,1,jimbxb-prolog-c,92,5.04500,1,base,no,1,18.23588
327,smalltalk,1,fvbakel_smalltalk,67,5.06400,1,base,yes,1,13.23065
328,elixir,2,thomas9911,71,5.45300,1,base,yes,1,13.02036
329,lua,1,lua,55,5.00000,1,base,yes,64,11.00000
330,tcl,2,fvbakel_ootcl2,54,5.01500,1,base,yes,32,10.76770
331,idl,1,kriztioan_idlway,623,5.00002,12,base,yes,8,10.38328
332,tex,2,jfbu-tex,51,5.01710,1,base,no,32,10.16523
333,perl,1,marghidanu,50,5.02492,1,base,yes,1,9.95041
334,lisp,1,mikehw,99,10.03000,1,base,no,1,9.87039
335,clojure,3,pez-clj-vector,47,5.04171,1,base,yes,1,9.32223
336,powershell,3,RobCannon_ps3,43,5.10610,1,base,yes,1,8.42130
337,python,1,davepl,33,5.07407,1,base,yes,1,6.50366
338,emojicode,1,marghidanu,32,5.00000,1,base,yes,1,6.40000
339,m,1,rheit_m_480of2310,32,5.11710,1,wheel,no,1,6.25354
340,haxe,1,TayIorRobinson_Haxe_HaxeEval,31,5.13908,1,base,yes,1,6.03220
341,powershell,2,crowbar27_ps2,29,5.01032,1,base,yes,1,5.78805
342,m,1,rheit_m_48of210,29,5.12700,1,wheel,no,1,5.65632
343,mixal,1,rbergen,30,6.28000,1,base,no,1,4.77707
344,rexx,1,joss_REXX,24,5.03333,1,base,no,8,4.76822
345,m,1,rheit_m_8of30,24,5.12857,1,wheel,no,1,4.67966
346,m,1,rheit_m_bits,17,5.27820,1,base,yes,1,3.22079
347,m,1,rheit_m_tree,16,5.01099,1,base,no,1,3.19298
348,m,1,rheit_m_array,13,5.26070,1,base,yes,1,2.47115
349,awk,1,DaviNakamuraCardoso,12,5.00000,1,base,no,1,2.40000
350,clipper,1,AndyRadford,12,5.07000,1,base,no,112,2.36686
351,befunge,1,tjol-bf98,11,5.11485,1,base,no,1,2.15060
352,rust,5,kulasko-rust-stream-stripe-u8192,97,5.03127,11,base,yes,1,1.75268
353,tcl,1,fvbakeltcl,9,5.20400,1,base,yes,1,1.72944
354,sql,2,fvbakel_MariaDB3,9,5.43200,1,other,no,32,1.65685
355,rust,5,kulasko-rust-stream-rotate-u32,94,5.00901,12,base,yes,1,1.56385
356,rust,5,kulasko-rust-stream-bit-u32,94,5.05282,12,base,yes,1,1.55029
357,rust,5,kulasko-rust-stream-rotate-u8,93,5.01190,12,base,yes,1,1.54632
358,rust,5,kulasko-rust-stream-bit-u8,92,5.01430,12,base,yes,1,1.52896
359,rust,5,kulasko-rust-stream-bool-u8,91,5.05028,12,base,yes,8,1.50157
360,red,1,mmcdon20_red,7,5.09495,1,base,yes,1,1.37391
361,haxe,1,TayIorRobinson_Haxe_Python,7,5.11429,1,base,yes,1,1.36871
362,sql,1,fvbakel_sqlite,7,5.13643,1,other,no,8,1.36281
363,clojure,1,mmcdon20_clojure,7,5.39700,1,base,yes,1,1.29702
364,raku,1,draco1006,7,5.45857,1,base,yes,1,1.28239
365,tcl,2,fvbakel_ootcl,7,5.61500,1,base,yes,1,1.24666
366,sql,2,fvbakel_MariaDB2,6,5.73200,1,other,no,32,1.04676
367,clipper,1,AndyRadford,5,5.77000,1,base,no,112,0.86655
368,prolog,1,jimbxb-prolog-dynamic,5,5.89300,1,base,no,1,0.84846
369,idl,1,kriztioan_1bit,4,6.08625,1,base,yes,1,0.65722
370,bash,1,bash_inline,3,7.27975,1,base,no,1,0.41210
371,bash,1,bash,2,7.66506,1,base,no,1,0.26092
372,clipper,1,AndyRadford,2,8.09000,1,base,yes,288,0.24722
373,sql,2,fvbakel_MariaDB1,2,9.37900,1,base,no,32,0.21324
374,comal,2,kottm,1,6.00000,1,base,no,1,0.16667
375,tex,1,tjol,2,12.35825,1,base,no,32,0.16184
376,prolog,1,jimbxb-prolog-basic,1,6.85700,1,base,yes,1,0.14584
377,bash,1,bash_packed,1,7.67148,1,base,no,1,0.13035
378,elixir,1,cdesch,1,13.15700,1,base,no,1,0.07601
379,yoix,1,mmcdon20_yoix,1,14.10000,1,base,yes,1,0.07092
380,kermit,1,q3w3e3,1,55.00000,1,base,no,1,0.01818
381,brainfuck,1,aquarel,1,61.37271,1,base,no,32,0.01629
382,powershell,1,crowbar27_ps1,1,61.91560,1,base,yes,1,0.01615
383,octave,2,Brandon-Johns_1bit,1,146.63767,1,base,yes,1,0.00682
